City,Lat,Lng,Max Temp,Humidity,Clouds,Wind Speed,Country,Date
Russell,32.3502,-85.1999,74.91,90,40,8.05,US,1624133565
Chokurdakh,70.6333,147.9167,61.21,42,79,10.74,RU,1624133566
São João del Rei,-21.1356,-44.2617,63.21,77,100,10.25,BR,1624133566
Show Low,34.2542,-110.0298,97.07,13,1,6.91,US,1624133566
Saldanha,-33.0117,17.9442,65.44,44,16,8.23,ZA,1624133567
Busselton,-33.65,115.3333,56.08,79,100,10.04,AU,1624133567
Rudnyy,52.9594,63.1206,58.8,73,100,9.93,KZ,1624133567
Bonnyville,54.2668,-110.735,63.82,56,93,7.29,CA,1624133399
Bredasdorp,-34.5322,20.0403,58.39,47,47,4.7,ZA,1624133567
Golden,39.7555,-105.2211,84.2,48,75,5.01,US,1624133568
Vaini,-21.2,-175.2,74.16,71,100,9.13,TO,1624133568
Berlevåg,70.8578,29.0864,44.26,86,98,5.32,NO,1624133568
Rocha,-34.4833,-54.3333,51.37,93,95,6.04,UY,1624133318
Chui,-33.6971,-53.4616,54.25,95,100,7.02,UY,1624133568
Airai,-8.9266,125.4092,56.73,94,79,3.44,TL,1624133278
Puerto Ayora,-0.7393,-90.3518,80.56,84,69,8.99,EC,1624133569
Lebu,-37.6167,-73.65,52.45,64,95,5.97,CL,1624133569
Punta Arenas,-53.15,-70.9167,44.11,81,90,16.11,CL,1624133377
Port Elizabeth,-33.918,25.5701,52.09,93,40,2.3,ZA,1624133569
Butaritari,3.0707,172.7902,81.59,72,34,2.39,KI,1624133569
Castro,-24.7911,-50.0119,54.61,98,100,2.44,BR,1624133570
Namatanai,-3.6667,152.4333,78.12,82,10,4.81,PG,1624133570
Saskylakh,71.9167,114.0833,71.98,48,47,7.29,RU,1624133570
Emba,48.8264,58.1442,67.46,42,0,6.29,KZ,1624133570
Padang,-0.9492,100.3543,75.74,82,90,4.03,ID,1624133571
Nikolskoye,59.7035,30.7861,73.29,69,5,4.05,RU,1624133571
Talnakh,69.4865,88.3972,43.57,97,99,3.24,RU,1624133483
Tazovsky,67.4667,78.7,40.96,75,99,5.23,RU,1624133571
Korla,41.7597,86.1469,73.42,27,8,5.59,CN,1624133571
Luanda,-8.8368,13.2343,75.2,83,20,9.22,AO,1624133572
Fortuna,40.5982,-124.1573,71.92,67,1,3.0,US,1624133549
Rikitea,-23.1203,-134.9692,74.46,77,9,21.5,PF,1624133572
Saint Paul Harbor,57.79,-152.4072,49.51,93,90,12.66,US,1624133572
Bathsheba,13.2167,-59.5167,86.61,66,40,14.97,BB,1624133283
Hermanus,-34.4187,19.2345,63.43,47,19,7.67,ZA,1624133573
Dikson,73.5069,80.5464,31.39,84,57,6.67,RU,1624133573
Juneau,58.3019,-134.4197,67.84,72,20,9.22,US,1624133573
Neckarsulm,49.1928,9.2261,82.35,82,21,6.35,DE,1624133573
Caravelas,-17.7125,-39.2481,72.34,70,50,10.11,BR,1624133574
Trelew,-43.249,-65.3051,49.06,46,2,11.27,AR,1624133287
Nadym,65.5333,72.5167,47.57,74,31,10.25,RU,1624133574
Laas,46.6166,10.7002,75.11,83,72,2.98,IT,1624133574
Esperance,-33.8667,121.9,53.37,58,100,16.96,AU,1624133575
Tuatapere,-46.1333,167.6833,30.81,90,2,3.49,NZ,1624133288
Adrar,20.5022,-10.0711,90.48,14,0,11.68,MR,1624133575
Barrow,71.2906,-156.7887,39.22,75,1,11.5,US,1624133575
Pacific Grove,36.6177,-121.9166,95.29,78,1,5.99,US,1624133575
Lázaro Cárdenas,17.9583,-102.2,79.38,84,100,9.6,MX,1624133358
Hastings,50.8552,0.5729,58.91,95,100,18.34,GB,1624133334
Kapaa,22.0752,-159.319,82.72,73,40,1.01,US,1624133470
Maracaibo,10.6317,-71.6406,91.51,53,11,11.16,VE,1624133576
Cape Town,-33.9258,18.4232,59.11,39,40,5.55,ZA,1624133576
Hambantota,6.1241,81.1185,80.08,77,98,16.91,LK,1624133576
Albany,42.6001,-73.9662,85.64,45,100,9.01,US,1624133577
Port Hedland,-20.3167,118.5667,59.05,82,0,8.05,AU,1624133577
Turinsk,58.0458,63.696,56.84,99,100,7.72,RU,1624133577
Leningradskiy,69.3833,178.4167,41.0,87,91,4.88,RU,1624133577
Kieta,-6.2167,155.6333,76.93,82,4,2.64,PG,1624133578
Longyearbyen,78.2186,15.6401,40.84,70,75,24.16,SJ,1624133578
Thunder Bay,48.4001,-89.3168,57.56,68,100,5.66,CA,1624133520
Pavino,59.1139,46.1414,64.49,80,6,5.3,RU,1624133578
New Norfolk,-42.7826,147.0587,46.65,86,93,2.39,AU,1624133578
Mataura,-46.1927,168.8643,30.47,98,26,1.9,NZ,1624133579
Tateyama,34.9833,139.8667,73.15,97,100,7.14,JP,1624133579
Kulhudhuffushi,6.6221,73.07,82.08,78,100,15.52,MV,1624133579
Hobart,-42.8794,147.3294,47.01,93,75,3.44,AU,1624133579
Bengkulu,-3.8004,102.2655,75.49,85,98,4.0,ID,1624133580
Bikin,46.8161,134.26,50.88,88,100,3.71,RU,1624133580
Celestún,20.8667,-90.4,88.59,56,60,4.14,MX,1624133580
Barcelos,41.5388,-8.6151,60.85,84,100,6.04,PT,1624133580
Mossamedes,-15.1961,12.1522,68.4,73,5,8.81,AO,1624133581
Sola,-13.8833,167.55,80.17,79,81,11.95,VU,1624133581
Valleyview,55.0667,-117.2859,63.95,62,30,11.88,CA,1624133581
Tahe,52.3333,124.7333,50.72,99,46,3.0,CN,1624133581
Fuzhou,26.0614,119.3061,78.8,98,100,0.16,CN,1624133582
Bluff,-46.6,168.3333,30.79,89,13,8.66,NZ,1624133582
Provideniya,64.3833,-173.3,54.79,58,23,3.09,RU,1624133323
Khatanga,71.9667,102.5,58.23,73,15,5.73,RU,1624133582
Lüderitz,-26.6481,15.1594,67.68,40,20,2.77,NA,1624133582
Kjøllefjord,70.9457,27.3465,43.36,83,98,3.76,NO,1624133583
Yellowknife,62.456,-114.3525,53.56,46,16,5.99,CA,1624133583
Weymouth,42.2209,-70.9398,93.06,47,75,3.0,US,1624133583
Tabuk,17.4189,121.4443,75.04,77,92,2.73,PH,1624133583
Henties Bay,-22.116,14.2845,61.57,74,4,3.15,NA,1624133584
Hong Kong,22.2855,114.1577,86.97,87,98,1.01,HK,1624133584
Geraldton,-28.7667,114.6,45.01,81,91,11.5,AU,1624133584
Hamilton,39.1834,-84.5333,81.95,74,40,1.99,US,1624133584
Clyde River,70.4692,-68.5914,34.07,100,100,3.58,CA,1624133585
Panzós,15.4,-89.6667,88.57,63,100,3.94,GT,1624133585
Codrington,-38.2667,141.9667,50.77,86,100,5.46,AU,1624133585
Taketa,32.9652,131.3785,58.78,53,83,3.04,JP,1624133585
Ushuaia,-54.8,-68.3,40.66,81,75,21.85,AR,1624133380
Port Alfred,-33.5906,26.891,64.54,54,12,9.24,ZA,1624133586
Pisco,-13.7,-76.2167,66.25,77,90,9.22,PE,1624133586
Sabha,27.0377,14.4283,90.81,16,0,11.03,LY,1624133586
Saint-Pierre,-21.3393,55.4781,69.3,66,0,10.36,RE,1624133586
Ampanihy,-24.7,44.75,64.69,79,28,13.98,MG,1624133587
Saint-Philippe,-21.3585,55.7679,69.22,74,37,11.07,RE,1624133587
Qaanaaq,77.484,-69.3632,40.69,53,9,3.58,GL,1624133587
Jamestown,42.097,-79.2353,72.99,92,90,8.99,US,1624133448
El Alto,-4.2714,-81.2147,73.06,75,25,15.75,PE,1624133588
Cabo San Lucas,22.8909,-109.9124,103.51,45,1,12.66,MX,1624133422
Alta Floresta,-9.8756,-56.0861,89.91,40,95,4.7,BR,1624133588
Foumban,5.7291,10.9001,66.11,92,100,1.61,CM,1624133588
Singapore,1.2897,103.8501,78.75,91,75,0.0,SG,1624133488
Fort Morgan,40.2503,-103.8,92.05,29,1,11.5,US,1624133588
Atuona,-9.8,-139.0333,79.66,75,16,21.12,PF,1624133589
Talcahuano,-36.7167,-73.1167,58.68,55,75,4.61,CL,1624133589
Oistins,13.0667,-59.5333,86.09,66,40,14.97,BB,1624133589
Manassas,38.751,-77.4753,89.4,62,1,4.61,US,1624133549
Beringovskiy,63.05,179.3167,42.24,89,98,6.44,RU,1624133417
Ribeira Grande,38.5167,-28.7,72.0,78,40,14.97,PT,1624133590
Faanui,-16.4833,-151.75,80.26,79,8,15.93,PF,1624133590
Saint-Augustin,51.226,-58.6502,64.76,52,27,17.25,CA,1624133590
San Patricio,28.017,-97.5169,95.09,47,25,14.09,US,1624133591
Mareeba,-17.0,145.4333,56.44,84,100,1.99,AU,1624133591
Carnarvon,-24.8667,113.6333,46.47,43,27,5.75,AU,1624133591
Souillac,-20.5167,57.5167,71.02,64,4,15.35,MU,1624133591
Killybegs,54.6333,-8.45,60.51,73,100,8.14,IE,1624133592
Muborak,39.2553,65.1528,81.48,24,0,15.5,UZ,1624133592
Ron,15.6667,75.7333,72.73,86,100,15.19,IN,1624133592
Talara,-4.5772,-81.2719,75.96,73,0,12.66,PE,1624133592
Sept-Îles,50.2001,-66.3821,54.25,97,100,3.0,CA,1624133498
Kūstī,13.1629,32.6635,85.73,47,74,17.16,SD,1624133593
Lodja,-3.4833,23.4333,74.21,46,42,0.72,CD,1624133593
Yola,9.2,12.4833,83.98,58,97,3.31,NG,1624133593
Curup,-3.4667,102.5333,66.88,96,100,1.36,ID,1624133594
George Town,5.4112,100.3354,78.73,89,20,0.0,MY,1624133485
São Gabriel da Cachoeira,-0.1303,-67.0892,81.88,86,95,2.21,BR,1624133594
Davila,18.4726,120.5763,81.75,82,53,19.37,PH,1624133594
Novobelokatay,55.7062,58.9549,61.36,97,77,12.77,RU,1624133595
Champerico,14.3,-91.9167,88.75,72,100,5.91,GT,1624133595
Pochutla,15.7432,-96.4661,88.83,68,85,6.24,MX,1624133595
Ahipara,-35.1667,173.1667,58.77,88,37,15.32,NZ,1624133595
Constitución,-35.3333,-72.4167,56.73,61,99,10.07,CL,1624133596
Palmer,42.1584,-72.3287,87.35,43,75,1.01,US,1624133596
Sovetskiy,61.3614,63.5842,55.53,96,99,10.58,RU,1624133596
Binzhou,37.3667,118.0167,77.72,38,81,10.71,CN,1624133596
Yulara,-25.2406,130.9889,35.44,87,8,5.75,AU,1624133597
Itapeva,-23.9822,-48.8756,59.61,90,95,4.99,BR,1624133597
Bud,39.447,-86.1758,82.31,66,100,13.56,US,1624133597
Businga,3.3333,20.8833,76.08,71,95,1.72,CD,1624133598
Tuktoyaktuk,69.4541,-133.0374,57.06,44,49,9.78,CA,1624133598
Erzin,36.9559,36.2,74.12,83,2,1.72,TR,1624133598
Pangai,-19.8,-174.35,76.12,75,18,12.28,TO,1624133598
Zapolyarnyy,69.4154,30.8136,52.88,78,100,12.55,RU,1624133599
Hithadhoo,-0.6,73.0833,83.5,70,100,14.79,MV,1624133599
Muros,42.7762,-9.0603,60.1,77,100,15.82,ES,1624133599
Sorong,-0.8833,131.25,77.2,86,100,6.13,ID,1624133599
Arraial do Cabo,-22.9661,-42.0278,71.46,78,0,19.57,BR,1624133600
Garissa,-0.4536,39.6401,75.07,59,68,20.04,KE,1624133600
Kungurtug,50.5994,97.5228,50.09,67,0,1.74,RU,1624133600
Cherskiy,68.75,161.3,52.57,55,100,11.5,RU,1624133600
Zhigansk,66.7697,123.3711,63.91,60,89,3.27,RU,1624133601
Kaitangata,-46.2817,169.8464,43.97,93,70,5.44,NZ,1624133601
Makat,47.6469,53.3463,79.14,23,0,9.42,KZ,1624133601
Idaho Falls,43.4666,-112.0341,89.69,21,1,1.01,US,1624133077
Lagunas,-5.2269,-75.6753,79.02,91,42,3.22,PE,1624133601
Muroto-misakicho,33.2833,134.15,72.16,80,97,4.74,JP,1624133602
Dicabisagan,17.0818,122.4157,78.73,80,98,3.31,PH,1624133602
Preobrazheniye,42.9019,133.9064,51.13,93,94,12.64,RU,1624133602
Ostrovnoy,68.0531,39.5131,48.52,80,39,8.03,RU,1624133602
Haines Junction,60.7522,-137.5108,67.55,42,100,6.24,CA,1624133603
Saryozek,44.3583,77.9753,58.06,83,100,10.38,KZ,1624133603
Mahébourg,-20.4081,57.7,71.71,62,4,15.97,MU,1624133603
Brigantine,39.4101,-74.3646,86.02,70,20,8.05,US,1624133603
East London,-33.0153,27.9116,64.36,55,4,8.19,ZA,1624133604
Iskateley,67.6803,53.1512,37.29,84,11,14.81,RU,1624133604
Thompson,55.7435,-97.8558,72.46,29,100,9.73,CA,1624133604
Formosa,-26.1775,-58.1781,60.78,63,0,11.5,AR,1624133587
Vila Velha,-20.3297,-40.2925,67.95,94,75,2.3,BR,1624133443
Ketchikan,55.3422,-131.6461,63.07,59,20,10.36,US,1624133605
Newcastle,-32.9272,151.7765,56.82,94,75,8.01,AU,1624133321
Zyryanka,65.75,150.85,61.25,43,91,5.46,RU,1624133605
Mar del Plata,-38.0023,-57.5575,50.88,61,20,1.99,AR,1624133605
Bowen,-20.0167,148.2333,58.1,47,100,7.58,AU,1624133605
Carrigaline,51.8117,-8.3986,57.0,82,75,10.36,IE,1624133606
Lorengau,-2.0226,147.2712,78.64,82,67,3.31,PG,1624133606
Kozluk,38.1938,41.4885,77.25,18,0,2.04,TR,1624133606
Domat,46.8348,9.4508,74.55,89,65,5.46,CH,1624133606
Nuuk,64.1835,-51.7216,45.21,81,75,17.27,GL,1624133607
Kodinsk,58.6881,99.1844,55.06,93,48,2.26,RU,1624133607
Ukwā,21.9667,80.4667,71.98,91,100,4.7,IN,1624133607
Hofn,64.2539,-15.2082,43.21,92,100,1.1,IS,1624133607
Buta,2.7858,24.73,69.78,97,100,2.86,CD,1624133347
Raditsa-Krylovka,53.3171,34.3574,72.16,64,4,4.47,RU,1624133608
Tadine,-21.55,167.8833,71.55,87,88,3.15,NC,1624133608
Nanortalik,60.1432,-45.2371,42.78,81,100,13.56,GL,1624133608
Avarua,-21.2078,-159.775,77.05,69,40,12.66,CK,1624133608
Erdenet,49.0333,104.0833,52.57,64,5,2.35,MN,1624133609
Nome,64.5011,-165.4064,67.15,61,1,5.75,US,1624133609
Meulaboh,4.1363,96.1285,77.38,87,100,2.04,ID,1624133609
Hervey Bay,-25.2986,152.8535,52.03,74,16,3.0,AU,1624133609
Udachny,66.4167,112.4,68.68,48,100,5.73,RU,1624133610
Madingou,-4.1536,13.55,77.61,57,9,1.81,CG,1624133610
Ponta do Sol,32.6667,-17.1,70.0,69,39,1.32,PT,1624133610
Harper,4.375,-7.7169,77.77,84,22,8.52,LR,1624133611
Norman Wells,65.282,-126.8329,69.37,31,36,10.29,CA,1624133341
Vila,42.0304,-8.1588,53.74,91,100,6.51,PT,1624133612
Naryan-Mar,67.6713,53.087,37.47,83,10,14.85,RU,1624133612
Muleba,-1.8397,31.6544,67.59,71,58,2.35,TZ,1624133612
Te Anau,-45.4167,167.7167,31.39,91,9,1.16,NZ,1624133612
Gornopravdinsk,60.05,69.9,50.9,74,100,5.68,RU,1624133613
Kamenka,51.3223,42.7678,59.52,77,0,7.81,RU,1624133613
Coyhaique,-45.5752,-72.0662,46.35,57,75,6.91,CL,1624133613
Merauke,-8.4667,140.3333,75.31,87,7,12.24,ID,1624133613
Hondagua,13.9469,122.2431,81.23,81,100,5.86,PH,1624133613
Nichinan,31.6,131.3667,72.03,92,100,3.2,JP,1624133352
La Ronge,55.1001,-105.2842,60.46,61,100,7.05,CA,1624133614
Puerto Escondido,15.85,-97.0667,86.83,54,40,6.91,MX,1624133360
Aykhal,66.0,111.5,65.34,54,91,0.85,RU,1624133614
Tekeli,44.83,78.8239,53.26,89,100,6.71,KZ,1624133614
Shahr-e Bābak,30.1165,55.1186,73.63,10,0,11.41,IR,1624133615
Santa Marta,11.2408,-74.199,86.34,74,18,17.09,CO,1624133365
Leshukonskoye,64.8989,45.7622,45.3,85,15,3.33,RU,1624133615
Fareydūnshahr,32.941,50.121,63.34,18,1,8.37,IR,1624133615
Bethel,41.3712,-73.414,88.65,59,20,5.75,US,1624133600
Ishigaki,24.3448,124.1572,84.33,80,100,1.21,JP,1624133615
Kavieng,-2.5744,150.7967,79.77,80,79,4.68,PG,1624133616
Auki,-8.7676,160.7034,76.33,83,87,4.07,SB,1624133616
Upernavik,72.7868,-56.1549,38.25,67,15,7.29,GL,1624133616
Vostok,46.4856,135.8833,46.58,78,100,4.25,RU,1624133617
Narsaq,60.9167,-46.05,52.02,77,100,5.61,GL,1624133617
Touros,-5.1989,-35.4608,77.9,77,2,15.79,BR,1624133617
San Policarpo,12.1791,125.5072,77.9,88,100,4.94,PH,1624133617
General Roca,-39.0333,-67.5833,43.2,51,0,4.81,AR,1624133618
Katherine,-14.4667,132.2667,57.52,44,87,9.22,AU,1624133618
Tasiilaq,65.6145,-37.6368,39.36,65,100,4.59,GL,1624133618
Knysna,-34.0363,23.0471,64.0,36,9,5.91,ZA,1624133618
Saint George,37.1041,-113.5841,109.87,13,1,4.0,US,1624133461
Alofi,-19.0595,-169.9187,75.09,94,75,10.36,NU,1624133619
Bambous Virieux,-20.3428,57.7575,71.65,61,4,16.13,MU,1624133619
Rehoboth,-23.3167,17.0833,55.89,34,0,7.52,NA,1624133619
Los Llanos de Aridane,28.6585,-17.9182,65.95,74,20,16.11,ES,1624133619
Poum,-20.2333,164.0167,73.69,78,97,12.37,NC,1624133620
Hilo,19.7297,-155.09,80.33,65,1,5.75,US,1624133620
Sur,22.5667,59.5289,85.73,66,100,10.09,OM,1624133336
Praia da Vitória,38.7333,-27.0667,72.75,78,6,18.9,PT,1624133620
Genhe,50.7833,121.5167,53.71,93,100,6.4,CN,1624133620
Maniitsoq,65.4167,-52.9,39.06,98,100,10.87,GL,1624133621
Safranbolu,41.2508,32.6942,60.62,95,38,0.36,TR,1624133621
Amahai,-3.3333,128.9167,76.62,89,100,3.24,ID,1624133621
Micheweni,-4.9667,39.8333,77.0,77,22,17.38,TZ,1624133621
Portland,45.5234,-122.6762,79.63,51,20,1.01,US,1624133075
Formosa do Rio Preto,-11.0483,-45.1931,87.73,32,61,5.93,BR,1624133622
Sioux Lookout,50.1001,-91.917,64.83,47,94,5.39,CA,1624133622
Yangi Marg`ilon,40.4272,71.7189,74.12,33,49,4.61,UZ,1624133622
Xining,36.6167,101.7667,56.41,59,100,2.37,CN,1624133623
Acapulco de Juárez,16.8634,-99.8901,76.82,94,90,8.05,MX,1624133390
Panguipulli,-39.6333,-72.3333,47.91,79,100,1.5,CL,1624133623
Tiksi,71.6872,128.8694,58.12,57,97,4.03,RU,1624133623
Vardø,70.3705,31.1107,44.2,90,100,9.04,NO,1624133623
Koslan,63.4564,48.8989,49.37,69,13,5.55,RU,1624133624
Ilulissat,69.2167,-51.1,46.42,57,75,5.75,GL,1624133624
Sinnamary,5.3833,-52.95,82.54,73,11,9.89,GF,1624133624
Iqaluit,63.7506,-68.5145,35.06,86,38,5.95,CA,1624133624
Rayevskaya,44.8319,37.5556,76.12,83,0,8.79,RU,1624133625
San Andrés,12.5847,-81.7006,87.82,70,20,12.66,CO,1624133625
Jurm,36.8648,70.8342,62.76,34,1,1.74,AF,1624133471
At-Bashi,41.1702,75.8106,54.01,52,86,0.54,KG,1624133625
Sittwe,20.15,92.9,79.34,84,100,6.06,MM,1624133625
Wanxian,30.8039,108.3897,69.58,90,100,2.89,CN,1624133626
Lamu,-2.2717,40.902,76.71,81,79,17.76,KE,1624133626
Kondinskoye,59.6481,67.41,54.1,90,100,10.74,RU,1624133626
Lavrentiya,65.5833,-171.0,48.51,64,56,3.91,RU,1624133626
Rasht,37.2808,49.5832,73.99,57,27,2.98,IR,1624133627
Kropotkin,45.4375,40.5756,73.81,47,75,19.98,RU,1624133627
Mackay,-21.15,149.2,58.05,54,99,10.25,AU,1624133627
Coruripe,-10.1256,-36.1756,76.41,71,14,11.05,BR,1624133627
Havøysund,70.9963,24.6622,47.28,86,99,1.86,NO,1624133628
São José da Coroa Grande,-8.8978,-35.1478,77.0,76,98,13.89,BR,1624133628
Ciudad General Terán,25.2667,-99.6833,94.89,34,99,16.42,MX,1624133628
Bilibino,68.0546,166.4372,44.6,81,100,2.82,RU,1624133628
Bauska,56.4075,24.1906,73.15,86,0,7.74,LV,1624133629
Siuna,13.7332,-84.7773,90.23,51,97,8.37,NI,1624133358
Aklavik,68.2191,-135.0107,75.92,27,36,12.8,CA,1624133629
Mabaruma,8.2,-59.7833,81.54,83,32,6.8,GY,1624133629
Novo Aripuanã,-5.1206,-60.3797,87.78,57,98,3.0,BR,1624133629
Petrokamenskoye,57.716,60.6484,59.36,96,98,7.85,RU,1624133630
Meadow Lake,34.8014,-106.5436,97.57,15,0,8.48,US,1624133630
Mahabalipuram,12.6264,80.1722,85.05,68,100,7.16,IN,1624133630
Ixtapa,20.7,-105.2,85.23,66,90,4.61,MX,1624133470
Fort Nelson,58.8053,-122.7002,74.07,28,25,4.92,CA,1624133631
Lucapa,-8.4192,20.7447,68.99,36,0,3.6,AO,1624133631
Totolapan,18.5167,-96.1833,89.53,62,87,7.11,MX,1624133631
Chaman,30.9236,66.4512,77.2,7,0,3.69,PK,1624133631
Hirara,24.8,125.2833,84.43,78,100,3.69,JP,1624133632
Olafsvik,64.8945,-23.7142,41.58,69,39,16.44,IS,1624133632
Alyangula,-13.8483,136.4192,70.95,55,87,14.32,AU,1624133632
Cayenne,4.9333,-52.3333,86.04,75,75,1.01,GF,1624133632
Hay River,60.8156,-115.7999,49.55,50,13,6.6,CA,1624133600
Quatre Cocos,-20.2078,57.7625,71.29,61,4,16.42,MU,1624133633
Upata,8.0086,-62.3989,83.05,62,94,4.85,VE,1624133633
Avera,33.194,-82.5271,78.31,86,100,4.74,US,1624133633
San Cristobal,7.7669,-72.225,80.78,49,38,6.33,VE,1624133633
Ürümqi,43.801,87.6005,74.35,33,0,6.71,CN,1624133634
Shakhtinsk,49.71,72.5872,45.16,72,17,7.34,KZ,1624133634
Fengzhen,40.4394,113.1536,59.86,29,87,3.87,CN,1624133634
Kokopo,-4.352,152.2633,74.98,87,8,6.55,PG,1624133634
Shimoda,34.6667,138.95,69.17,92,100,11.07,JP,1624133428
Kuril'sk,45.2333,147.8833,44.89,85,100,0.94,RU,1624133635
Abu Samrah,35.3029,37.1841,68.95,66,0,13.6,SY,1624133635
São Félix do Xingu,-6.6447,-51.995,90.86,40,11,4.03,BR,1624133367
Pergamino,-33.89,-60.5736,55.18,53,28,2.37,AR,1624133635
Dukat,62.55,155.55,45.43,75,9,6.71,RU,1624133635
Tual,-5.6667,132.75,80.58,79,99,21.21,ID,1624133636
Ulladulla,-35.35,150.4667,54.09,74,91,16.58,AU,1624133636
Halachó,20.4833,-90.0833,93.02,35,42,6.96,MX,1624133636
Mitsamiouli,-11.3847,43.2844,77.4,72,0,12.28,KM,1624133636
Linxia Chengguanzhen,35.6003,103.2064,55.38,62,100,3.04,CN,1624133637
Luganville,-15.5333,167.1667,77.63,82,27,2.21,VU,1624133637
Kilindoni,-7.9139,39.6668,78.17,71,15,19.15,TZ,1624133637
Saint-Joseph,-21.3667,55.6167,68.22,74,17,10.63,RE,1624133637
Evensk,61.95,159.2333,46.35,84,100,9.55,RU,1624133638
Belmonte,-15.8631,-38.8828,72.1,85,79,13.18,BR,1624133455
Vanimo,-2.6741,141.3028,75.83,89,100,3.69,PG,1624133638
Denpasar,-8.65,115.2167,76.66,94,40,5.75,ID,1624133436
Torbay,47.6666,-52.7314,56.57,84,100,3.0,CA,1624133638
Contai,21.7786,87.7536,77.67,91,100,14.85,IN,1624133639
Terney,45.0503,136.6092,49.78,90,100,15.99,RU,1624133639
Jalu,29.0331,21.5482,77.34,46,0,17.54,LY,1624133639
Chitral,35.8462,71.7858,72.0,34,2,3.58,PK,1624133639
Moramanga,-18.9333,48.2,55.67,95,81,4.83,MG,1624133640
Dawei,14.0833,98.2,77.07,91,94,1.45,MM,1624133640
Nizhniy Tsasuchey,50.5167,115.1333,51.96,94,100,10.0,RU,1624133640
Mae Hong Son,19.3003,97.9685,73.58,93,94,1.36,TH,1624133345
Tautira,-17.7333,-149.15,78.01,81,43,18.03,PF,1624133640
Haapiti,-17.5667,-149.8667,77.72,81,10,18.77,PF,1624133641
Kisi,9.0833,3.85,78.75,71,61,8.08,NG,1624133641
Jingdezhen,29.2947,117.2079,72.79,98,100,1.54,CN,1624133641
Mahanoro,-19.9,48.8,66.72,88,56,6.4,MG,1624133641
Hays,30.0502,-98.0336,95.72,45,0,1.01,US,1624133642
Quryq,43.2,51.65,85.77,20,5,11.92,KZ,1624133642
Nabīnagar,23.8917,90.9733,80.67,97,100,7.56,BD,1624133642
Kruisfontein,-34.0033,24.7314,60.33,30,6,6.82,ZA,1624133413
Aripuanã,-9.1667,-60.6333,86.23,58,99,1.57,BR,1624133642
Mayo,38.8876,-76.5119,89.02,51,1,8.05,US,1624133643
Shagonar,51.5333,92.8,59.56,76,90,2.8,RU,1624133643
Chapais,49.7834,-74.8492,62.38,73,99,9.15,CA,1624133356
Kawalu,-7.3817,108.2082,71.15,96,95,1.88,ID,1624133643
Xichang,27.8964,102.2634,67.35,92,85,2.44,CN,1624133644
Flinders,-34.5833,150.8552,56.21,80,98,7.0,AU,1624133644
Qui Nhon,13.7667,109.2333,82.2,72,29,5.66,VN,1624133644
Ambon City,-3.6954,128.1814,75.88,93,100,10.42,ID,1624133644
Severo-Kuril'sk,50.6789,156.125,44.82,84,100,5.03,RU,1624133645
Hue,16.4667,107.6,86.11,58,20,3.44,VN,1624133645
Mehamn,71.0357,27.8492,43.54,83,96,8.19,NO,1624133645
Muriwai Beach,-36.8167,174.45,56.43,97,28,8.01,NZ,1624133645
Jacareacanga,-6.2222,-57.7528,80.91,73,100,2.84,BR,1624133646
Necochea,-38.5473,-58.7368,48.04,50,98,6.02,AR,1624133646
Lompoc,34.6391,-120.4579,93.22,74,1,13.8,US,1624133646
Kununurra,-15.7667,128.7333,64.38,34,61,5.75,AU,1624133646
Asău,46.4333,26.4,64.76,100,100,4.07,RO,1624133647
La Palma,33.8464,-118.0467,100.33,62,1,5.99,US,1624133470
Freeport,40.6576,-73.5832,92.39,54,1,3.0,US,1624133494
Kudahuvadhoo,2.6708,72.8944,83.44,73,100,13.11,MV,1624133647
Baruun-Urt,46.6806,113.2792,51.84,76,10,6.24,MN,1624133647
Point Fortin,10.1833,-61.6833,90.01,70,30,13.89,TT,1624133647
Ndélé,8.4109,20.6473,69.3,92,100,2.04,CF,1624133648
Imuris,30.7833,-110.8667,103.08,14,0,8.5,MX,1624133648
Viedma,-40.8135,-62.9967,45.63,63,100,9.57,AR,1624133428
Gurupi,-11.7292,-49.0686,91.45,30,88,4.05,BR,1624133648
Takayama,36.1333,137.25,62.04,97,91,4.12,JP,1624133648
Lac du Bonnet,50.2536,-96.0612,66.74,61,100,5.03,CA,1624133649
Vinh,18.6667,105.6667,83.14,65,90,9.31,VN,1624133649
São João da Barra,-21.6403,-41.0511,71.69,70,21,17.49,BR,1624133649
Fortuna Foothills,32.6578,-114.4119,110.21,20,1,1.99,US,1624133649
Jiwani,25.05,61.7417,83.55,80,29,6.04,PK,1624133650
Kanniyākumāri,8.0833,77.5667,79.52,80,100,19.62,IN,1624133650
Lexington,37.9887,-84.4777,86.14,64,1,1.01,US,1624133510
Alice Springs,-23.7,133.8833,44.15,76,90,0.0,AU,1624133561
North Bend,43.4065,-124.2243,83.25,62,1,26.46,US,1624133439
Byron Bay,-28.65,153.6167,60.75,77,57,14.38,AU,1624133387
Matara,5.9485,80.5353,79.2,83,100,11.83,LK,1624133650
Pronsk,54.1048,39.6092,63.99,85,2,3.78,RU,1624133651
Coquimbo,-29.9533,-71.3436,60.53,72,0,11.5,CL,1624133409
City of San Pedro,14.35,121.0167,83.16,85,20,5.75,PH,1624133568
Panama City,8.9936,-79.5197,83.43,87,100,5.88,PA,1624133377
Sampit,-2.5333,112.95,73.0,100,100,1.3,ID,1624133651
Puerto Madryn,-42.7692,-65.0385,46.58,67,5,19.71,AR,1624133393
Burnie,-41.0667,145.9167,45.88,85,10,5.5,AU,1624133651
Zdvinsk,54.7021,78.661,46.85,85,95,7.4,RU,1624133652
São Filipe,14.8961,-24.4956,73.69,79,1,9.26,CV,1624133368
Lagoa,39.05,-27.9833,67.23,93,1,16.67,PT,1624133652
Santa Cruz de la Sierra,-17.8,-63.1667,55.45,71,75,13.8,BO,1624133522
Atar,20.5169,-13.0499,92.41,13,0,12.41,MR,1624133652
Portel,-1.9356,-50.8211,81.68,77,94,5.82,BR,1624133653
Elko,41.0002,-115.5012,95.74,7,1,7.0,US,1624133653
Aswān,24.0934,32.907,88.27,10,2,11.83,EG,1624133653
Husavik,66.0449,-17.3389,42.66,84,68,8.75,IS,1624133653
Tocopilla,-22.092,-70.1979,68.25,62,27,3.24,CL,1624133654
Murgab,37.4966,61.9714,82.27,26,0,9.22,TM,1624133654
Vestmannaeyjar,63.4427,-20.2734,47.52,73,61,17.76,IS,1624133654
Nicoya,10.1483,-85.452,85.55,66,71,3.8,CR,1624133654
Basco,20.4487,121.9702,83.75,84,100,28.25,PH,1624133655
Florianópolis,-27.6146,-48.5012,63.63,94,75,10.36,BR,1624133655
Balingasay,16.3573,119.8564,82.85,78,97,9.82,PH,1624133655
Makīnsk,52.6292,70.4169,47.91,66,91,6.22,KZ,1624133655
Morros,-9.4467,-46.3003,88.52,31,51,6.4,BR,1624133656
Garautha,25.5667,79.3,85.23,64,100,12.68,IN,1624133656
Mogadouro,41.3403,-6.7119,61.79,68,94,8.68,PT,1624133656
Ormara,25.2088,64.6357,83.25,79,27,10.94,PK,1624133656
Qiyang,26.5911,111.8474,71.8,95,100,2.26,CN,1624133657
Yar-Sale,66.8333,70.8333,44.42,78,87,8.97,RU,1624133657
Macklin,52.3334,-109.9348,64.51,58,79,14.18,CA,1624133551
Dubbo,-32.25,148.6167,41.13,87,6,10.36,AU,1624133657
Saint Stephen,50.3333,-4.9,56.16,94,98,16.11,GB,1624133657
Zhongshu,24.5167,103.7667,64.27,90,97,6.93,CN,1624133658
Waverly,42.7392,-84.6208,82.0,73,75,3.44,US,1624133658
Jensen Beach,27.2545,-80.2298,93.09,70,40,5.99,US,1624133658
Armação de Pêra,37.1026,-8.357,67.91,71,57,13.67,PT,1624133659
Bǝrdǝ,40.3744,47.1267,80.2,37,0,8.52,AZ,1624133659
Salalah,17.0151,54.0924,80.69,89,75,6.91,OM,1624133659
Nouadhibou,20.931,-17.0347,68.22,75,0,26.44,MR,1624133659
Gilbués,-9.8317,-45.3439,88.66,30,32,6.2,BR,1624133660
Manturovo,58.3353,44.7619,64.92,76,5,6.29,RU,1624133660
Zhangaözen,43.3,52.8,79.99,23,0,22.97,KZ,1624133660
Nagato,34.3833,131.2,62.2,86,77,3.11,JP,1624133660
Vestmanna,62.1564,-7.1664,47.32,100,75,9.22,FO,1624133660
Rāmhormoz,31.28,49.6035,96.71,9,0,6.87,IR,1624133661
Nova Olímpia,-14.7972,-57.2881,89.01,28,2,2.1,BR,1624133661
Kailua,21.4022,-157.7394,83.07,62,20,11.5,US,1624133661
Chowchilla,37.123,-120.2602,112.77,16,1,6.91,US,1624133607
Beidao,34.5686,105.8933,65.73,39,100,1.72,CN,1624133662
Keti Bandar,24.1447,67.4497,83.95,72,100,15.75,PK,1624133662
Bumba,2.1833,22.4667,73.42,80,100,2.53,CD,1624133662
Sozimskiy,59.7418,52.2482,65.89,58,8,11.34,RU,1624133662
Danilov,58.1908,40.1717,65.61,83,8,5.91,RU,1624133663
Northam,51.0333,-4.2167,58.6,85,72,9.1,GB,1624133663
Tsimmerbude,54.675,20.1347,71.65,76,1,5.44,RU,1624133663
Arrondissement de Foix,42.8333,1.5833,62.01,93,60,4.65,FR,1624133663
Semey,50.4111,80.2275,51.67,76,100,12.06,KZ,1624133664
Thessalon,46.2501,-83.5666,70.09,55,0,14.94,CA,1624133664
Nanga Eboko,4.6833,12.3667,68.9,96,19,1.99,CM,1624133664
Kefamenanu,-9.4467,124.4781,70.25,94,98,3.42,ID,1624133664
Lat Yao,15.751,99.7893,81.28,77,92,4.83,TH,1624133665
Monterey,36.2505,-121.2516,66.4,16,0,3.31,US,1624133665
Siliguri,26.7,88.4333,75.38,98,100,8.7,IN,1624133665
Vila Franca do Campo,37.7167,-25.4333,68.41,86,43,10.54,PT,1624133665
Kuytun,54.3419,101.5036,56.66,87,20,3.06,RU,1624133666
San Matías,-16.3667,-58.4,81.18,41,60,5.73,BO,1624133666
Bariloche,-41.1456,-71.3082,42.55,56,0,18.41,AR,1624133430
Midyat,37.4247,41.3393,80.83,22,0,6.91,TR,1624133666
Itarema,-2.9248,-39.9167,80.96,75,44,12.21,BR,1624133666
Il’inskiy,55.619,38.1182,73.98,60,0,2.24,RU,1624133667
São Francisco de Assis,-29.5503,-55.1311,55.47,88,85,6.76,BR,1624133667
Sitka,57.0531,-135.33,66.09,48,20,8.05,US,1624133667
Guerrero Negro,27.9769,-114.0611,72.36,61,6,19.77,MX,1624133667
Prince Rupert,54.3161,-130.3201,61.43,67,74,4.12,CA,1624133668
Liverpool,53.4106,-2.9779,63.82,66,95,5.01,GB,1624133261
Kabare,-2.4683,28.8242,59.56,94,97,0.96,CD,1624133668
Wanaka,-44.7,169.15,36.1,98,32,5.01,NZ,1624133668
Kibala,9.1104,18.3463,75.83,78,84,3.27,TD,1624133668
Mandiana,10.6333,-8.6833,80.06,69,68,1.74,GN,1624133669
Mogadishu,2.0371,45.3438,77.83,82,100,17.58,SO,1624133669
Qaqortoq,60.7167,-46.0333,52.3,79,100,5.93,GL,1624133669
Parabel',58.6978,81.4825,43.93,82,100,9.17,RU,1624133670
Muravlenko,63.7898,74.523,45.68,77,40,9.42,RU,1624133670
Janakkala,60.9,24.6,69.04,78,2,6.15,FI,1624133670
Faya,18.3851,42.4509,70.32,24,91,2.24,SA,1624133670
Longyan,25.1072,117.0225,76.6,91,100,2.48,CN,1624133671
Kohlu,29.8962,69.252,84.0,32,2,7.63,PK,1624133671
Naze,28.3667,129.4833,74.7,82,100,7.23,JP,1624133671
Ternate,0.8,127.4,79.2,80,81,2.13,ID,1624133671
Fairbanks,64.8378,-147.7164,66.22,71,75,4.61,US,1624133478
Wattegama,6.7989,81.4808,76.55,82,99,1.23,LK,1624133672
Băuţar,45.5167,22.5667,59.77,93,93,4.09,RO,1624133672
Senanga,-16.1167,23.2667,58.75,46,0,6.44,ZM,1624133672
Baní,18.2833,-70.3333,89.04,61,94,16.53,DO,1624133672
Zabul Province,32.25,67.25,69.91,9,0,7.58,AF,1624133673
Yantongshan,43.2919,126.0094,56.59,94,100,3.15,CN,1624133673
Campbell River,50.0163,-125.2446,65.59,69,100,2.04,CA,1624133673
Richards Bay,-28.783,32.0377,62.28,77,0,7.63,ZA,1624133673
Margate,51.3813,1.3862,58.71,95,100,3.0,GB,1624133674
Ihosy,-22.4,46.1167,59.18,87,56,14.27,MG,1624133674
El Vigia,8.6219,-71.6506,91.22,56,40,4.79,VE,1624133674
Mount Gambier,-37.8333,140.7667,50.86,66,100,1.1,AU,1624133674
Saint-François,46.4154,3.9054,63.84,94,75,3.44,FR,1624133675
Yanta,36.2411,115.6672,75.96,54,86,7.29,CN,1624133675
San Francisco,37.7749,-122.4194,99.37,70,20,3.0,US,1624133077
Kautokeino,69.0125,23.0412,52.11,59,100,8.68,NO,1624133675
Nishihara,26.1842,127.7558,80.26,89,75,13.8,JP,1624133675
Lárdos,36.0942,28.0157,75.94,77,0,10.56,GR,1624133676
Trincomalee,8.5711,81.2335,81.25,76,100,16.15,LK,1624133676
Okhotsk,59.3833,143.3,54.72,66,51,14.07,RU,1624133676
Pulaski,34.7668,-92.3001,94.24,55,40,5.75,US,1624133405
Tura,25.5198,90.2201,72.0,97,100,4.54,IN,1624133676
Honiara,-9.4333,159.95,76.59,84,46,2.95,SB,1624133677
Shaowu,27.3409,117.4831,75.45,98,100,2.64,CN,1624133677
Owando,-0.4819,15.8999,80.89,56,76,1.81,CG,1624133677
Kandrian,-6.2167,149.55,76.68,88,76,8.28,PG,1624133677
Usinsk,65.9939,57.5281,37.6,91,100,36.95,RU,1624133678
Sotik Post,-0.7813,35.3416,55.29,95,100,6.04,KE,1624133678
Kumul,42.8,93.45,78.24,18,63,1.34,CN,1624133614
Korsholm,63.1142,21.6822,67.23,77,0,4.61,FI,1624133678
San Quintín,30.4833,-115.95,71.58,67,1,15.41,MX,1624133679
Malakal,9.5334,31.6605,73.53,82,90,5.66,SS,1624133679
Cubulco,15.1333,-90.5833,80.53,63,100,2.64,GT,1624133679
Moree,-29.4667,149.85,46.8,85,1,7.52,AU,1624133679
Kargasok,59.0556,80.8572,43.38,83,100,9.24,RU,1624133679
High Level,58.5169,-117.136,65.5,32,0,11.83,CA,1624133680
Xaçmaz,41.4635,48.806,73.04,50,0,3.8,AZ,1624133680
Praia,14.9215,-23.5087,75.74,69,20,21.85,CV,1624133680
Nyurba,63.2842,118.3319,64.51,70,53,3.44,RU,1624133680
Bouna,9.2667,-3.0,83.39,51,86,1.52,CI,1624133681
Nelson Bay,-32.7167,152.15,57.11,93,90,5.01,AU,1624133408
Olinda,-8.0089,-34.8553,71.33,88,75,9.22,BR,1624133681
Biankouma,7.7391,-7.6138,70.54,97,91,1.41,CI,1624133681
Bairnsdale,-37.8333,147.6167,47.07,97,82,2.24,AU,1624133682
Lata,40.1629,-8.3327,62.04,90,96,4.41,PT,1624133682
Kuito,-12.3833,16.9333,54.45,37,6,0.11,AO,1624133682
Hualmay,-11.0964,-77.6139,69.44,74,55,10.38,PE,1624133682
Comodoro Rivadavia,-45.8667,-67.5,48.06,46,0,12.66,AR,1624133683
Khovd,48.0056,91.6419,65.95,42,100,5.23,MN,1624133683
Kirkkonummi,60.1238,24.4385,70.18,81,0,6.53,FI,1624133683
Villa Unión,23.2,-106.2333,89.56,62,90,12.66,MX,1624133683
Porto Santo,33.072,-16.3415,69.3,60,20,12.66,PT,1624133684
Kitimat,54.0524,-128.6534,65.91,64,67,0.47,CA,1624133684
Riachão do Dantas,-11.0689,-37.725,74.12,73,1,8.63,BR,1624133684
Hokitika,-42.7167,170.9667,45.84,81,6,7.83,NZ,1624133684
Nālūt,30.3333,10.85,95.09,13,1,7.85,LY,1624133685
Astoria,46.1879,-123.8313,76.08,70,1,3.0,US,1624133685
Itaporanga,-7.3044,-38.1503,83.39,44,99,9.31,BR,1624133685
Coronel Vivida,-25.9797,-52.5678,54.05,99,100,6.44,BR,1624133685
Merrill,45.1805,-89.6835,75.81,52,90,5.75,US,1624133686
Fitjar,59.9184,5.3192,57.42,77,100,13.22,NO,1624133686
Yatou,37.15,122.3833,70.29,73,100,10.58,CN,1624133686
Saraland,30.8207,-88.0706,82.65,83,63,12.88,US,1624133666
Khudāganj,28.15,79.7167,78.17,84,99,4.85,IN,1624133686
Dandong,40.1292,124.3947,58.73,92,33,2.98,CN,1624133687
Makakilo City,21.3469,-158.0858,81.61,57,75,9.22,US,1624133687
Mali,12.079,-12.2982,69.98,67,51,4.61,GN,1624133687
Impfondo,1.6381,18.0667,77.22,71,59,1.81,CG,1624133687
Aksu,41.1231,80.2644,73.42,28,0,5.44,CN,1624133688
Palana,59.1167,159.9667,43.74,71,85,9.46,RU,1624133688
Kamsack,51.5667,-101.9009,63.63,64,100,11.65,CA,1624133688
Stornoway,58.2093,-6.3865,57.16,77,94,5.75,GB,1624133688
Sungai Penuh,-2.0833,101.3833,62.53,97,92,1.19,ID,1624133689
Thinadhoo,0.5333,72.9333,83.73,72,100,11.88,MV,1624133689
Anadyr,64.75,177.4833,44.01,65,59,4.0,RU,1624133689
Powell,40.1578,-83.0752,82.47,63,40,7.0,US,1624133421
Calabozo,8.9242,-67.4293,88.59,53,80,4.38,VE,1624133689
Imbituba,-28.24,-48.6703,62.49,97,100,18.16,BR,1624133690
Saquarema,-22.92,-42.5103,71.64,79,36,19.24,BR,1624133690
Söderhamn,61.3037,17.0592,52.03,92,96,8.5,SE,1624133690
Mahibadhoo,3.7833,72.9667,83.25,72,100,14.41,MV,1624133690
Bida,9.0833,6.0167,82.51,65,99,2.33,NG,1624133691
Bukachacha,52.9833,116.9167,51.48,98,100,4.63,RU,1624133691
Cidreira,-30.1811,-50.2056,59.25,94,100,13.24,BR,1624133691
Goulburn,-34.75,149.7167,37.65,86,5,7.67,AU,1624133691
Rūdbār,30.15,62.6,87.31,10,0,9.24,AF,1624133692
Nemuro,43.3236,145.575,48.58,95,100,8.77,JP,1624133692
Soe,-9.8607,124.284,65.16,93,62,4.23,ID,1624133692
Windsor,42.3001,-83.0165,79.02,79,75,6.91,CA,1624133628
Da Lat,11.9465,108.4419,59.79,98,57,2.86,VN,1624133692
Cockburn Town,21.4612,-71.1419,81.03,84,100,18.1,TC,1624133693
Broken Hill,-31.95,141.4333,43.34,88,0,8.7,AU,1624133693
Lapua,62.9693,23.0088,69.48,95,52,2.42,FI,1624133693
Acaraú,-2.8856,-40.12,81.07,76,47,10.89,BR,1624133486
Moen,69.1304,18.6123,50.72,62,100,3.44,NO,1624133694
Koumac,-20.5667,164.2833,71.58,83,87,5.48,NC,1624133694
Soria,41.6667,-2.6667,55.63,54,8,6.49,ES,1624133694
Grajaú,-5.8194,-46.1386,86.27,54,90,6.89,BR,1624133694
Trairi,-3.2778,-39.2689,80.26,75,38,11.1,BR,1624133695
Baker City,44.7749,-117.8344,84.94,27,1,11.5,US,1624133695
Longonjo,-12.9067,15.2533,59.81,37,6,3.53,AO,1624133695
Pozoblanco,38.3791,-4.8483,68.58,45,9,5.64,ES,1624133695
Laguna,38.421,-121.4238,109.65,20,1,4.0,US,1624133696
Kaohsiung City,22.6163,120.3133,79.03,95,100,1.99,TW,1624133696
